case_name,mass_eV,A_unit,Rtau_max_unit,L_peak,nphi,Lcut,phi_needed_target_0.1,phi_needed_target_1,phi_needed_target_10
nphi_1_no_cut,1e-35,-195.4023529707972,40152.16908739088,330,1.0,,0.0015781398782372122,0.004990516481570382,0.01578139878237212
nphi_1_no_cut,1.7012542798525996e-35,-565.5464092138668,336345.740449849,330,1.0,,0.0005452642621376538,0.0017242769950460974,0.005452642621376538
nphi_1_no_cut,2.89426612471674e-35,-1636.841689175934,2817492.6308597047,330,1.0,,0.00018839466734247727,0.0005957562478319692,0.0018839466734247726
nphi_1_no_cut,4.923882631706751e-35,-4737.453435648046,23601485.683738135,330,1.0,,6.509240665125731e-05,0.0002058402633998666,0.0006509240665125731
nphi_1_no_cut,8.376776400682855e-35,-13711.444315491368,197704175.63883013,330,1.0,,2.249013586236103e-05,7.112005421169599e-05,0.0002249013586236103
nphi_1_no_cut,1.4251026703029962e-34,-39684.51261272217,1656118982.9030085,330,1.0,,7.770594250053606e-06,2.457277660317738e-05,7.770594250053606e-05
nphi_1_no_cut,2.4244620170823406e-34,-114857.09003181722,13872829586.872587,330,1.0,,2.6848342182374178e-06,8.490191269587821e-06,2.6848342182374176e-05
nphi_1_no_cut,4.124626382901331e-34,-332423.1709979325,116206925013.0302,330,1.0,,9.276496719493618e-07,2.933485834067992e-06,9.276496719493618e-06
nphi_1_no_cut,7.017038286703837e-34,-962089.1741456378,973374778945.0956,330,1.0,,3.2052355832653655e-07,1.013584488053683e-06,3.205235583265365e-06
nphi_1_no_cut,1.1937766417144455e-33,-2784274.4947711197,8152175707060.446,330,1.0,,1.1075497265220193e-07,3.5023797577061793e-07,1.1075497265220192e-06
nphi_1_no_cut,2.0309176209047304e-33,-8056189.936164844,68250969837983.31,330,1.0,,3.827767815407286e-08,1.2104464650973982e-07,3.827767815407286e-07
nphi_1_no_cut,3.4551072945922324e-33,-23297989.099123534,570803081402890.6,330,1.0,,1.3236002652958559e-08,4.1855915499380255e-08,1.3236002652958558e-07
nphi_1_no_cut,5.878016072274876e-33,-67273536.76029076,4759243815452916.0,330,1.0,,4.583856600603466e-09,1.449542732550371e-08,4.583856600603466e-08
nphi_1_no_cut,1e-32,-193396254.40762478,3.933195655455958e+16,330,1.0,,1.5945099167982692e-09,5.042283088808108e-09,1.5945099167982694e-08
nphi_1_no_cut,1.7012542798525856e-32,-548858730.8604189,3.1678936076788454e+17,330,1.0,,5.618426531016071e-10,1.7767024704329444e-09,5.618426531016071e-09
nphi_1_no_cut,2.89426612471674e-32,-1499842672.2617881,2.36559745732495e+18,330,1.0,,2.0560306172617966e-10,6.501739689589183e-10,2.0560306172617963e-09
nphi_1_no_cut,4.9238826317067517e-32,-3654765863.9638386,1.4046513898508483e+19,330,1.0,,8.437537642702734e-11,2.6681836794348625e-10,8.437537642702734e-10
nphi_1_no_cut,8.376776400682924e-32,-6040875794.899543,3.83750757937236e+19,330,1.0,,5.1047605677468956e-11,1.614267030389446e-10,5.104760567746895e-10
nphi_1_no_cut,1.4251026703029963e-31,456820772.20893806,2.1945279711169434e+17,330,1.0,,6.750398937278561e-10,2.1346635756580363e-09,6.750398937278561e-09
nphi_1_no_cut,2.4244620170823406e-31,-324525738.507442,1.1075101810317974e+17,330,1.0,,9.502243086876978e-10,3.0048731035120488e-09,9.502243086876979e-09
nphi_1_no_cut,4.124626382901364e-31,4211369702.025738,1.865074439370753e+19,330,1.0,,7.322374128689452e-11,2.3155380126549554e-10,7.322374128689451e-10
nphi_1_no_cut,7.0170382867038365e-31,-4840490436.70322,2.463928870579605e+19,330,1.0,,6.370681846334274e-11,2.0145864882703117e-10,6.370681846334274e-10
nphi_1_no_cut,1.1937766417144357e-30,4675447428.029609,2.2987714227414495e+19,330,1.0,,6.595566526443804e-11,2.0857012682727601e-10,6.595566526443805e-10
nphi_1_no_cut,2.0309176209047306e-30,-4015721579.3411074,1.6958077755799357e+19,330,1.0,,7.67912414822334e-11,2.42835227435862e-10,7.67912414822334e-10
nphi_1_no_cut,3.4551072945922325e-30,-3750917803.223794,1.479532562789092e+19,330,1.0,,8.221247750605534e-11,2.599786810044942e-10,8.221247750605534e-10
nphi_1_no_cut,5.878016072274924e-30,5947875631.44551,3.720259131841251e+19,330,1.0,,5.1845779002889995e-11,1.6395074871486585e-10,5.184577900288999e-10
nphi_1_no_cut,1e-29,5847092972.245209,3.5952527929771483e+19,330,1.0,,5.2739412044304757e-11,1.667766645181201e-10,5.273941204430476e-10
nphi_1_no_cut,1.7012542798525858e-29,3012473655.0639086,9.54324225701852e+18,330,1.0,,1.0236512608375214e-10,3.2370695139496883e-10,1.0236512608375215e-09
nphi_1_no_cut,2.89426612471674e-29,-1429564348.450455,2.1491011235521083e+18,330,1.0,,2.1571064349698708e-10,6.821369489910677e-10,2.1571064349698705e-09
nphi_1_no_cut,4.923882631706752e-29,-1683875599.3636212,2.9817377309793603e+18,330,1.0,,1.8313243902408247e-10,5.791156207780039e-10,1.8313243902408247e-09
nphi_1_no_cut,8.376776400682924e-29,-6996192547.614638,5.147222482614087e+19,330,1.0,,4.407715245483611e-11,1.3938419453176409e-10,4.4077152454836113e-10
nphi_1_no_cut,1.4251026703029963e-28,-905708374.6202744,8.626332628671793e+17,330,1.0,,3.404763102183816e-10,1.0766806296201468e-09,3.4047631021838154e-09
nphi_1_no_cut,2.4244620170823407e-28,-175776521.27101412,3.2491604933083844e+16,330,1.0,,1.7543426351528886e-09,5.547718523424905e-09,1.7543426351528884e-08
nphi_1_no_cut,4.124626382901365e-28,5601892846.67588,3.30003866390467e+19,330,1.0,,5.5047865777651275e-11,1.7407663618861406e-10,5.504786577765127e-10
nphi_1_no_cut,7.017038286703837e-28,6999751049.4014,5.152459919533971e+19,330,1.0,,4.405474471138082e-11,1.3931333502522063e-10,4.405474471138082e-10
nphi_1_no_cut,1.1937766417144358e-27,10127134845.424482,1.0785061327620543e+20,330,1.0,,3.0450097705959116e-11,9.629166372549893e-11,3.045009770595912e-10
nphi_1_no_cut,2.0309176209047306e-27,11050048439.7749,1.2840377653538783e+20,330,1.0,,2.7906868210152436e-11,8.824926590622818e-11,2.790686821015244e-10
nphi_1_no_cut,3.455107294592232e-27,-4336727160.012378,1.9777602011702903e+19,330,1.0,,7.110713543798742e-11,2.248605058741149e-10,7.110713543798742e-10
nphi_1_no_cut,5.878016072274924e-27,13935403275.476799,2.0421541249754844e+20,330,1.0,,2.212869189564575e-11,6.997706803034962e-11,2.2128691895645748e-10
nphi_1_no_cut,1e-26,-2632126036.501822,7.285557594898971e+18,330,1.0,,1.1715709705696124e-10,3.7048327075340715e-10,1.1715709705696124e-09
nphi_1_Lcut_800,1e-35,-195.4023529707972,47853.98649102064,340,1.0,800.0,0.0014455760312259605,0.004571312789620722,0.014455760312259605
nphi_1_Lcut_800,1.7012542798525996e-35,-565.5464092138668,400862.14233576553,340,1.0,800.0,0.0004994620305208604,0.0015794376212184538,0.004994620305208603
nphi_1_Lcut_800,2.89426612471674e-35,-1636.841689175934,3357932.0211134264,340,1.0,800.0,0.00017256950367750467,0.0005457126863057179,0.0017256950367750465
nphi_1_Lcut_800,4.923882631706751e-35,-4737.453435648046,28128621.759373367,340,1.0,800.0,5.9624640481790776e-05,0.00018854966859113817,0.0005962464048179077
nphi_1_Lcut_800,8.376776400682855e-35,-13711.444315491368,235626945.32510316,340,1.0,800.0,2.06009630641611e-05,6.514596527575057e-05,0.00020600963064161098
nphi_1_Lcut_800,1.4251026703029962e-34,-39684.51261272217,1973788645.4620242,340,1.0,800.0,7.117863854252923e-06,2.2508661854424015e-05,7.117863854252922e-05
nphi_1_Lcut_800,2.4244620170823406e-34,-114857.09003181722,16533856444.903984,340,1.0,800.0,2.459307978475608e-06,7.777014679807273e-06,2.459307978475608e-05
nphi_1_Lcut_800,4.124626382901331e-34,-332423.1709979325,138497240525.99,340,1.0,800.0,8.497270423471658e-07,2.6870728432553926e-06,8.497270423471657e-06
nphi_1_Lcut_800,7.017038286703837e-34,-962089.1741456378,1160083367375.6978,340,1.0,800.0,2.93599559677594e-07,9.284433286037284e-07,2.93599559677594e-06
nphi_1_Lcut_800,1.1937766417144455e-33,-2784274.4947711197,9715891196538.273,340,1.0,800.0,1.014515481250923e-07,3.208179642254766e-07,1.014515481250923e-06
nphi_1_Lcut_800,2.0309176209047304e-33,-8056189.936164844,81342579065088.89,340,1.0,800.0,3.506235083059734e-08,1.1087688874458416e-07,3.5062350830597336e-07
nphi_1_Lcut_800,3.4551072945922324e-33,-23297989.099123534,680292088007389.0,340,1.0,800.0,1.2124177614554973e-08,3.834001601842074e-08,1.2124177614554972e-07
nphi_1_Lcut_800,5.878016072274876e-33,-67273536.76029076,5672141615972575.0,340,1.0,800.0,4.198812363711952e-09,1.3277810537005092e-08,4.1988123637119516e-08
nphi_1_Lcut_800,1e-32,-193396254.40762478,4.687644429696267e+16,340,1.0,800.0,1.4605709855392256e-09,4.6187309986608055e-09,1.4605709855392254e-08
nphi_1_Lcut_800,1.7012542798525856e-32,-548858730.8604189,3.775545415165638e+17,340,1.0,800.0,5.146478356223406e-10,1.6274593534425357e-09,5.1464783562234055e-09
nphi_1_Lcut_800,2.89426612471674e-32,-1499842672.2617881,2.8193562474703396e+18,340,1.0,800.0,1.8833239187265644e-10,5.955593155049783e-10,1.8833239187265643e-09
nphi_1_Lcut_800,4.9238826317067517e-32,-3654765863.9638386,1.6740856138610106e+19,340,1.0,800.0,7.728783960824861e-11,2.444056085958414e-10,7.728783960824861e-10
nphi_1_Lcut_800,8.376776400682924e-32,-6040875794.899543,4.5736018759729545e+19,340,1.0,800.0,4.675960365519096e-11,1.478668500371381e-10,4.675960365519097e-10
nphi_1_Lcut_800,1.4251026703029963e-31,456820772.20893806,2.61547294382599e+17,340,1.0,800.0,6.183365010611761e-10,1.9553517037724387e-09,6.183365010611761e-09
nphi_1_Lcut_800,2.4244620170823406e-31,-324525738.507442,1.319948048794376e+17,340,1.0,800.0,8.704054082085133e-10,2.7524635776675207e-09,8.704054082085133e-09
nphi_1_Lcut_800,4.124626382901364e-31,4211369702.025738,2.2228250441997607e+19,340,1.0,800.0,6.707294250701075e-11,2.1210326769167817e-10,6.707294250701074e-10
nphi_1_Lcut_800,7.0170382867038365e-31,-4840490436.70322,2.9365491719992648e+19,340,1.0,800.0,5.835544178703602e-11,1.8453610991240031e-10,5.835544178703601e-10
nphi_1_Lcut_800,1.1937766417144357e-30,4675447428.029609,2.739711928647934e+19,340,1.0,800.0,6.041538531827343e-11,1.9105022332244078e-10,6.041538531827344e-10
nphi_1_Lcut_800,2.0309176209047306e-30,-4015721579.3411074,2.0210903726606934e+19,340,1.0,800.0,7.034077246612459e-11,2.224370533686128e-10,7.034077246612459e-10
nphi_1_Lcut_800,3.4551072945922325e-30,-3750917803.223794,1.7633301732375994e+19,340,1.0,800.0,7.530662432990835e-11,2.381404557811617e-10,7.530662432990834e-10
nphi_1_Lcut_800,5.878016072274924e-30,5947875631.44551,4.433863332532501e+19,340,1.0,800.0,4.749073037209606e-11,1.5017887572075932e-10,4.749073037209606e-10
nphi_1_Lcut_800,1e-29,5847092972.245209,4.284878812212444e+19,340,1.0,800.0,4.830929818296952e-11,1.5276741442241738e-10,4.830929818296952e-10
nphi_1_Lcut_800,1.7012542798525858e-29,3012473655.0639086,1.1373786184600297e+19,340,1.0,800.0,9.37664491853446e-11,2.965155475321287e-10,9.37664491853446e-10
nphi_1_Lcut_800,2.89426612471674e-29,-1429564348.450455,2.561332512583885e+18,340,1.0,800.0,1.9759093615192303e-10,6.248374032449828e-10,1.97590936151923e-09
nphi_1_Lcut_800,4.923882631706752e-29,-1683875599.3636212,3.5536819141076403e+18,340,1.0,800.0,1.6774930286209468e-10,5.304698729496216e-10,1.6774930286209466e-09
nphi_1_Lcut_800,8.376776400682924e-29,-6996192547.614638,6.134540692264702e+19,340,1.0,800.0,4.037466893275364e-11,1.2767591360274116e-10,4.0374668932753645e-10
nphi_1_Lcut_800,1.4251026703029963e-28,-905708374.6202744,1.0280998871593836e+18,340,1.0,800.0,3.1187627918110695e-10,9.862393903908512e-10,3.1187627918110693e-09
nphi_1_Lcut_800,2.4244620170823407e-28,-175776521.27101412,3.872400567339834e+16,340,1.0,800.0,1.6069777457037375e-09,5.081709825626671e-09,1.6069777457037372e-08
nphi_1_Lcut_800,4.124626382901365e-28,5601892846.67588,3.9330379710901354e+19,340,1.0,800.0,5.042384166047628e-11,1.5945418802279176e-10,5.042384166047627e-10
nphi_1_Lcut_800,7.017038286703837e-28,6999751049.4014,6.140782751941882e+19,340,1.0,800.0,4.0354143441129284e-11,1.2761100629911346e-10,4.035414344112928e-10
nphi_1_Lcut_800,1.1937766417144358e-27,10127134845.424482,1.2853805679924219e+20,340,1.0,800.0,2.7892287622432614e-11,8.820315803940965e-11,2.7892287622432615e-10
nphi_1_Lcut_800,2.0309176209047306e-27,11050048439.7749,1.5303363995969277e+20,340,1.0,800.0,2.5562689560978383e-11,8.083632213250138e-11,2.5562689560978385e-10
nphi_1_Lcut_800,3.455107294592232e-27,-4336727160.012378,2.3571257070393893e+19,340,1.0,800.0,6.513413167982951e-11,2.059722095255904e-10,6.513413167982952e-10
nphi_1_Lcut_800,5.878016072274924e-27,13935403275.476799,2.4338713979924903e+20,340,1.0,800.0,2.0269880412920784e-11,6.4098990004064e-11,2.0269880412920782e-10
nphi_1_Lcut_800,1e-26,-2632126036.501822,8.683042103330194e+18,340,1.0,800.0,1.0731589368537588e-10,3.39362653182269e-10,1.0731589368537589e-09
nphi_2_no_cut,1e-35,-195.4023529707972,45964.19832212563,356,2.0,,0.001474993665103324,0.004664339516046121,0.01474993665103324
nphi_2_no_cut,1.7012542798525996e-35,-565.5464092138668,385031.80949429615,356,2.0,,0.000509626138690976,0.0016115793534203454,0.00509626138690976
nphi_2_no_cut,2.89426612471674e-35,-1636.841689175934,3225324.882800204,356,2.0,,0.00017608131237377767,0.0005568180004927271,0.0017608131237377767
nphi_2_no_cut,4.923882631706751e-35,-4737.453435648046,27017802.358399093,356,2.0,,6.0838008582723666e-05,0.00019238667543027915,0.0006083800858272366
nphi_2_no_cut,8.376776400682855e-35,-13711.444315491368,226321868.64916512,356,2.0,,2.102019496608231e-05,6.647169295362591e-05,0.0002102019496608231
nphi_2_no_cut,1.4251026703029962e-34,-39684.51261272217,1895842319.489927,356,2.0,,7.262713179594704e-06,2.2966715640042794e-05,7.262713179594703e-05
nphi_2_no_cut,2.4244620170823406e-34,-114857.09003181722,15880922622.940145,356,2.0,,2.5093551708333274e-06,7.935277798154237e-06,2.509355170833327e-05
nphi_2_no_cut,4.124626382901331e-34,-332423.1709979325,133027885394.63153,356,2.0,,8.670190826739997e-07,2.7417550760796705e-06,8.670190826739998e-06
nphi_2_no_cut,7.017038286703837e-34,-962089.1741456378,1114270845089.6006,356,2.0,,2.9957434354684903e-07,9.473372541578079e-07,2.99574343546849e-06
nphi_2_no_cut,1.1937766417144455e-33,-2784274.4947711197,9332203700890.77,356,2.0,,1.0351609847358184e-07,3.2734664567079793e-07,1.0351609847358184e-06
nphi_2_no_cut,2.0309176209047304e-33,-8056189.936164844,78130302412370.39,356,2.0,,3.577587359061393e-08,1.1313324582860633e-07,3.577587359061393e-07
nphi_2_no_cut,3.4551072945922324e-33,-23297989.099123534,653426866662653.6,356,2.0,,1.2370905984716606e-08,3.912023963151263e-08,1.2370905984716605e-07
nphi_2_no_cut,5.878016072274876e-33,-67273536.76029076,5448144684804190.0,356,2.0,,4.284258664817727e-09,1.3548015466135906e-08,4.284258664817727e-08
nphi_2_no_cut,1e-32,-193396254.40762478,4.502525996880041e+16,356,2.0,,1.4902937684135748e-09,4.712722690942396e-09,1.4902937684135747e-08
nphi_2_no_cut,1.7012542798525856e-32,-548858730.8604189,3.62644642509415e+17,356,2.0,,5.251209766243228e-10,1.6605783332648979e-09,5.251209766243228e-09
nphi_2_no_cut,2.89426612471674e-32,-1499842672.2617881,2.7080178518411807e+18,356,2.0,,1.9216497710628083e-10,6.076790141699599e-10,1.921649771062808e-09
nphi_2_no_cut,4.9238826317067517e-32,-3654765863.9638386,1.607974775062126e+19,356,2.0,,7.886065578647455e-11,2.493792900597967e-10,7.886065578647455e-10
nphi_2_no_cut,8.376776400682924e-32,-6040875794.899543,4.3929870652074705e+19,356,2.0,,4.771116681815546e-11,1.5087595696961987e-10,4.771116681815546e-10
nphi_2_no_cut,1.4251026703029963e-31,456820772.20893806,2.5121860457483386e+17,356,2.0,,6.309197179991335e-10,1.9951433295883932e-09,6.3091971799913336e-09
nphi_2_no_cut,2.4244620170823406e-31,-324525738.507442,1.2678223558463974e+17,356,2.0,,8.881182555928461e-10,2.8084765192489684e-09,8.881182555928461e-09
nphi_2_no_cut,4.124626382901364e-31,4211369702.025738,2.1350440926412014e+19,356,2.0,,6.843788438701364e-11,2.1641959290623957e-10,6.843788438701364e-10
nphi_2_no_cut,7.0170382867038365e-31,-4840490436.70322,2.820582743921973e+19,356,2.0,,5.954298155261095e-11,1.882914403836395e-10,5.954298155261095e-10
nphi_2_no_cut,1.1937766417144357e-30,4675447428.029609,2.631518744159304e+19,356,2.0,,6.164484516504852e-11,1.9493811672997166e-10,6.164484516504852e-10
nphi_2_no_cut,2.0309176209047306e-30,-4015721579.3411074,1.94127606763433e+19,356,2.0,,7.177221505119878e-11,2.269636722772066e-10,7.177221505119878e-10
nphi_2_no_cut,3.4551072945922325e-30,-3750917803.223794,1.6936950029291596e+19,356,2.0,,7.683912255568386e-11,2.429866406847793e-10,7.683912255568385e-10
nphi_2_no_cut,5.878016072274924e-30,5947875631.44551,4.258766896838694e+19,356,2.0,,4.845717204550295e-11,1.5323503263442965e-10,4.845717204550295e-10
nphi_2_no_cut,1e-29,5847092972.245209,4.115665881833334e+19,356,2.0,,4.9292397802858574e-11,1.5587624838811256e-10,4.929239780285858e-10
nphi_2_no_cut,1.7012542798525858e-29,3012473655.0639086,1.0924627229552062e+19,356,2.0,,9.567460691107526e-11,3.025496720802845e-10,9.567460691107524e-10
nphi_2_no_cut,2.89426612471674e-29,-1429564348.450455,2.4601836588766725e+18,356,2.0,,2.0161193379690558e-10,6.375529142693007e-10,2.0161193379690555e-09
nphi_2_no_cut,4.923882631706752e-29,-1683875599.3636212,3.413344472449422e+18,356,2.0,,1.7116301993278722e-10,5.412649941804081e-10,1.7116301993278722e-09
nphi_2_no_cut,8.376776400682924e-29,-6996192547.614638,5.892283290699586e+19,356,2.0,,4.1196297960163724e-11,1.3027413272106592e-10,4.119629796016372e-10
nphi_2_no_cut,1.4251026703029963e-28,-905708374.6202744,9.87499486949034e+17,356,2.0,,3.18222996335931e-10,1.0063094722649584e-09,3.1822299633593094e-09
nphi_2_no_cut,2.4244620170823407e-28,-175776521.27101412,3.719476698003383e+16,356,2.0,,1.6396799225183955e-09,5.185123188806542e-09,1.6396799225183954e-08
nphi_2_no_cut,4.124626382901365e-28,5601892846.67588,3.777719487289927e+19,356,2.0,,5.144997247657735e-11,1.6269909857895852e-10,5.144997247657734e-10
nphi_2_no_cut,7.017038286703837e-28,6999751049.4014,5.89827884697355e+19,356,2.0,,4.117535477248967e-11,1.3020790454655156e-10,4.1175354772489674e-10
nphi_2_no_cut,1.1937766417144358e-27,10127134845.424482,1.2346199695963944e+20,356,2.0,,2.8459898794418477e-11,8.999810216824254e-11,2.8459898794418474e-10
nphi_2_no_cut,2.0309176209047306e-27,11050048439.7749,1.4699023201304175e+20,356,2.0,,2.6082893151921857e-11,8.248135032688129e-11,2.608289315192186e-10
nphi_2_no_cut,3.455107294592232e-27,-4336727160.012378,2.264041126205206e+19,356,2.0,,6.645961854270466e-11,2.1016376702090713e-10,6.645961854270466e-10
nphi_2_no_cut,5.878016072274924e-27,13935403275.476799,2.3377560749064772e+20,356,2.0,,2.068237474586814e-11,6.540341161808949e-11,2.0682374745868143e-10
nphi_2_no_cut,1e-26,-2632126036.501822,8.340142557438242e+18,356,2.0,,1.0949978412175858e-10,3.462687211214974e-10,1.0949978412175858e-09
nphi_2_Lcut_800,1e-35,-195.4023529707972,56349.54980622341,366,2.0,800.0,0.0013321550475226284,0.004212644146661353,0.013321550475226283
nphi_2_Lcut_800,1.7012542798525996e-35,-565.5464092138668,472027.5762023953,366,2.0,800.0,0.0004602738635891656,0.0014555137563874063,0.004602738635891656
nphi_2_Lcut_800,2.89426612471674e-35,-1636.841689175934,3954068.8570459746,366,2.0,800.0,0.00015902957050104008,0.0005028956581016113,0.0015902957050104008
nphi_2_Lcut_800,4.923882631706751e-35,-4737.453435648046,33122322.48629164,366,2.0,800.0,5.4946446301532446e-05,0.00017375591964497749,0.0005494644630153244
nphi_2_Lcut_800,8.376776400682855e-35,-13711.444315491368,277458018.9630926,366,2.0,800.0,1.8984595992834132e-05,6.0034563795461504e-05,0.0001898459599283413
nphi_2_Lcut_800,1.4251026703029962e-34,-39684.51261272217,2324197203.6183524,366,2.0,800.0,6.559390897606642e-06,2.0742615299813296e-05,6.559390897606642e-05
nphi_2_Lcut_800,2.4244620170823406e-34,-114857.09003181722,19469127559.641983,366,2.0,800.0,2.2663488230089828e-06,7.166824253150207e-06,2.2663488230089827e-05
nphi_2_Lcut_800,4.124626382901331e-34,-332423.1709979325,163084786144.37222,366,2.0,800.0,7.830568188926419e-07,2.476243085026718e-06,7.830568188926418e-06
nphi_2_Lcut_800,7.017038286703837e-34,-962089.1741456378,1366034060747.9873,366,2.0,800.0,2.7056351719060243e-07,8.555969660684252e-07,2.705635171906024e-06
nphi_2_Lcut_800,1.1937766417144455e-33,-2784274.4947711197,11440762516074.012,366,2.0,800.0,9.349158328200113e-08,2.956463452264437e-07,9.349158328200112e-07
nphi_2_Lcut_800,2.0309176209047304e-33,-8056189.936164844,95783403776714.95,366,2.0,800.0,3.231133238794575e-08,1.0217740458067587e-07,3.2311332387945755e-07
nphi_2_Lcut_800,3.4551072945922324e-33,-23297989.099123534,801064983439679.5,366,2.0,800.0,1.1172905511301764e-08,3.5331829497561735e-08,1.1172905511301763e-07
nphi_2_Lcut_800,5.878016072274876e-33,-67273536.76029076,6679122261991139.0,366,2.0,800.0,3.869370384604122e-09,1.2236023526150743e-08,3.8693703846041214e-08
nphi_2_Lcut_800,1e-32,-193396254.40762478,5.519846362530325e+16,366,2.0,800.0,1.3459734864316122e-09,4.256341887321634e-09,1.3459734864316121e-08
nphi_2_Lcut_800,1.7012542798525856e-32,-548858730.8604189,4.445821550466965e+17,366,2.0,800.0,4.742681789898403e-10,1.4997676673483103e-09,4.7426817898984035e-09
nphi_2_Lcut_800,2.89426612471674e-32,-1499842672.2617881,3.3198792188008714e+18,366,2.0,800.0,1.7355569062140336e-10,5.488312832471585e-10,1.7355569062140335e-09
nphi_2_Lcut_800,4.9238826317067517e-32,-3654765863.9638386,1.9712876104030335e+19,366,2.0,800.0,7.122377752689366e-11,2.252293605460985e-10,7.122377752689366e-10
nphi_2_Lcut_800,8.376776400682924e-32,-6040875794.899543,5.385557726780687e+19,366,2.0,800.0,4.309080994971434e-11,1.3626510566254297e-10,4.3090809949714344e-10
nphi_2_Lcut_800,1.4251026703029963e-31,456820772.20893806,3.079800320138575e+17,366,2.0,800.0,5.698213536769479e-10,1.8019333370195175e-09,5.6982135367694796e-09
nphi_2_Lcut_800,2.4244620170823406e-31,-324525738.507442,1.5542796697015523e+17,366,2.0,800.0,8.021127446009231e-10,2.5365032131878438e-09,8.02112744600923e-09
nphi_2_Lcut_800,4.124626382901364e-31,4211369702.025738,2.6174452688943305e+19,366,2.0,800.0,6.181034894244364e-11,1.9546148562790173e-10,6.181034894244364e-10
nphi_2_Lcut_800,7.0170382867038365e-31,-4840490436.70322,3.457877513653878e+19,366,2.0,800.0,5.3776829891876844e-11,1.7005726780175725e-10,5.377682989187684e-10
nphi_2_Lcut_800,1.1937766417144357e-30,4675447428.029609,3.2260955690080166e+19,366,2.0,800.0,5.567514870283711e-11,1.760602789695343e-10,5.567514870283711e-10
nphi_2_Lcut_800,2.0309176209047306e-30,-4015721579.3411074,2.379896451019652e+19,366,2.0,800.0,6.4821782502799e-11,2.049844747008948e-10,6.4821782502799e-10
nphi_2_Lcut_800,3.4551072945922325e-30,-3750917803.223794,2.076375840502091e+19,366,2.0,800.0,6.939800989083814e-11,2.194557763379417e-10,6.939800989083815e-10
nphi_2_Lcut_800,5.878016072274924e-30,5947875631.44551,5.221011268045751e+19,366,2.0,800.0,4.376457191398665e-11,1.3839572807043246e-10,4.3764571913986647e-10
nphi_2_Lcut_800,1e-29,5847092972.245209,5.0455773854431674e+19,366,2.0,800.0,4.451891427816505e-11,1.4078116807679243e-10,4.451891427816505e-10
nphi_2_Lcut_800,1.7012542798525858e-29,3012473655.0639086,1.339298516362332e+19,366,2.0,800.0,8.64094629907472e-11,2.732507144427862e-10,8.64094629907472e-10
nphi_2_Lcut_800,2.89426612471674e-29,-1429564348.450455,3.016048287120806e+18,366,2.0,800.0,1.8208780254627853e-10,5.758121901812475e-10,1.8208780254627852e-09
nphi_2_Lcut_800,4.923882631706752e-29,-1683875599.3636212,4.184570413001195e+18,366,2.0,800.0,1.5458756627046677e-10,4.888488073568959e-10,1.5458756627046675e-09
nphi_2_Lcut_800,8.376776400682924e-29,-6996192547.614638,7.223611482022245e+19,366,2.0,800.0,3.72068420124597e-11,1.1765836530141558e-10,3.7206842012459696e-10
nphi_2_Lcut_800,1.4251026703029963e-28,-905708374.6202744,1.2106194289190712e+18,366,2.0,800.0,2.8740623152234987e-10,9.08858305336308e-10,2.8740623152234984e-09
nphi_2_Lcut_800,2.4244620170823407e-28,-175776521.27101412,4.559871489074552e+16,366,2.0,800.0,1.4808930619721551e-09,4.682995046972893e-09,1.480893061972155e-08
nphi_2_Lcut_800,4.124626382901365e-28,5601892846.67588,4.631273908252081e+19,366,2.0,800.0,4.646754908250511e-11,1.4694329238638359e-10,4.646754908250511e-10
nphi_2_Lcut_800,7.017038286703837e-28,6999751049.4014,7.230961700435891e+19,366,2.0,800.0,3.718792696636068e-11,1.175985506736956e-10,3.7187926966360676e-10
nphi_2_Lcut_800,1.1937766417144358e-27,10127134845.424482,1.5135753914594276e+20,366,2.0,800.0,2.5703837737033207e-11,8.128267185641306e-11,2.5703837737033203e-10
nphi_2_Lcut_800,2.0309176209047306e-27,11050048439.7749,1.8020184626738397e+20,366,2.0,800.0,2.3557021693304762e-11,7.449384344083953e-11,2.355702169330476e-10
nphi_2_Lcut_800,3.455107294592232e-27,-4336727160.012378,2.7755884549611905e+19,366,2.0,800.0,6.002365867238527e-11,1.8981147490125598e-10,6.002365867238527e-10
nphi_2_Lcut_800,5.878016072274924e-27,13935403275.476799,2.865958880747687e+20,366,2.0,800.0,1.8679490335663744e-11,5.90697349918006e-11,1.8679490335663742e-10
nphi_2_Lcut_800,1e-26,-2632126036.501822,1.022455075008118e+19,366,2.0,800.0,9.889580787468707e-11,3.1273600392642703e-10,9.889580787468708e-10
nphi_3_no_cut,1e-35,-195.4023529707972,56349.73146553816,379,3.0,,0.0013321529002314008,0.004212637356330274,0.013321529002314005
nphi_3_no_cut,1.7012542798525996e-35,-565.5464092138668,472029.0979218471,379,3.0,,0.00046027312167700493,0.0014555114102551548,0.0046027312167700495
nphi_3_no_cut,2.89426612471674e-35,-1636.841689175934,3954081.60414762,379,3.0,,0.0001590293141624087,0.0005028948474876839,0.0015902931416240868
nphi_3_no_cut,4.923882631706751e-35,-4737.453435648046,33122429.26582096,379,3.0,,5.494635773374722e-05,0.00017375563956904886,0.0005494635773374721
nphi_3_no_cut,8.376776400682855e-35,-13711.444315491368,277458913.4304623,379,3.0,,1.8984565391699143e-05,6.003446702617595e-05,0.00018984565391699142
nphi_3_no_cut,1.4251026703029962e-34,-39684.51261272217,2324204696.3502874,379,3.0,,6.559380324571199e-06,2.0742581864939517e-05,6.559380324571199e-05
nphi_3_no_cut,2.4244620170823406e-34,-114857.09003181722,19469190324.089676,379,3.0,,2.266345169897466e-06,7.1668127009972666e-06,2.2663451698974658e-05
nphi_3_no_cut,4.124626382901331e-34,-332423.1709979325,163085311896.05255,379,3.0,,7.830555566889359e-07,2.476239093588136e-06,7.83055556688936e-06
nphi_3_no_cut,7.017038286703837e-34,-962089.1741456378,1366038464559.7703,379,3.0,,2.705630810711972e-07,8.55595586937773e-07,2.705630810711972e-06
nphi_3_no_cut,1.1937766417144455e-33,-2784274.4947711197,11440799398730.324,379,3.0,,9.349143258358429e-08,2.956458686762067e-07,9.349143258358429e-07
nphi_3_no_cut,2.0309176209047304e-33,-8056189.936164844,95783712562633.45,379,3.0,,3.231128030553934e-08,1.0217723988164558e-07,3.231128030553934e-07
nphi_3_no_cut,3.4551072945922324e-33,-23297989.099123534,801067565907799.6,379,3.0,,1.1172887501774993e-08,3.533177254643755e-08,1.1172887501774994e-07
nphi_3_no_cut,5.878016072274876e-33,-67273536.76029076,6679143794102353.0,379,3.0,,3.869364147593573e-09,1.223600380299162e-08,3.8693641475935727e-08
nphi_3_no_cut,1e-32,-193396254.40762478,5.51986415737538e+16,379,3.0,,1.3459713168665411e-09,4.256335026554478e-09,1.3459713168665411e-08
nphi_3_no_cut,1.7012542798525856e-32,-548858730.8604189,4.445835882877768e+17,379,3.0,,4.742674145203424e-10,1.4997652498834954e-09,4.742674145203424e-09
nphi_3_no_cut,2.89426612471674e-32,-1499842672.2617881,3.3198899214060564e+18,379,3.0,,1.7355541086822246e-10,5.488303985899242e-10,1.7355541086822245e-09
nphi_3_no_cut,4.9238826317067517e-32,-3654765863.9638386,1.971293965427301e+19,379,3.0,,7.122366272179423e-11,2.2522899750049728e-10,7.122366272179423e-10
nphi_3_no_cut,8.376776400682924e-32,-6040875794.899543,5.3855750887069065e+19,379,3.0,,4.3090740491944864e-11,1.3626488601779024e-10,4.3090740491944867e-10
nphi_3_no_cut,1.4251026703029963e-31,456820772.20893806,3.0798102487789574e+17,379,3.0,,5.698204351859687e-10,1.8019304324960126e-09,5.698204351859686e-09
nphi_3_no_cut,2.4244620170823406e-31,-324525738.507442,1.554284680378314e+17,379,3.0,,8.021114516811061e-10,2.5364991246163902e-09,8.021114516811061e-09
nphi_3_no_cut,4.124626382901364e-31,4211369702.025738,2.6174537069974843e+19,379,3.0,,6.181024931078266e-11,1.9546117056492598e-10,6.181024931078266e-10
nphi_3_no_cut,7.0170382867038365e-31,-4840490436.70322,3.457888661137075e+19,379,3.0,,5.377674320938798e-11,1.700569936876592e-10,5.377674320938797e-10
nphi_3_no_cut,1.1937766417144357e-30,4675447428.029609,3.226105969274077e+19,379,3.0,,5.567505896046168e-11,1.7605999517922531e-10,5.567505896046167e-10
nphi_3_no_cut,2.0309176209047306e-30,-4015721579.3411074,2.379904123314461e+19,379,3.0,,6.482167801702972e-11,2.049841442878808e-10,6.482167801702972e-10
nphi_3_no_cut,3.4551072945922325e-30,-3750917803.223794,2.076382534309116e+19,379,3.0,,6.939789802868056e-11,2.1945542259873976e-10,6.939789802868057e-10
nphi_3_no_cut,5.878016072274924e-30,5947875631.44551,5.2210280995081585e+19,379,3.0,,4.376450137018506e-11,1.3839550499134466e-10,4.376450137018506e-10
nphi_3_no_cut,1e-29,5847092972.245209,5.045593651342958e+19,379,3.0,,4.451884251844438e-11,1.4078094115263087e-10,4.4518842518444386e-10
nphi_3_no_cut,1.7012542798525858e-29,3012473655.0639086,1.3393028339842396e+19,379,3.0,,8.640932370794959e-11,2.732502739919069e-10,8.640932370794959e-10
nphi_3_no_cut,2.89426612471674e-29,-1429564348.450455,3.0160580102377953e+18,379,3.0,,1.8208750904024724e-10,5.758112620336817e-10,1.8208750904024724e-09
nphi_3_no_cut,4.923882631706752e-29,-1683875599.3636212,4.184583903192268e+18,379,3.0,,1.5458731709187035e-10,4.888480193849871e-10,1.5458731709187034e-09
nphi_3_no_cut,8.376776400682924e-29,-6996192547.614638,7.22363476945429e+19,379,3.0,,3.7206782039016207e-11,1.1765817564873506e-10,3.72067820390162e-10
nphi_3_no_cut,1.4251026703029963e-28,-905708374.6202744,1.2106233317061678e+18,379,3.0,,2.8740576825429345e-10,9.088568403540824e-10,2.8740576825429343e-09
nphi_3_no_cut,2.4244620170823407e-28,-175776521.27101412,4.5598861891588104e+16,379,3.0,,1.480890674931182e-09,4.68298749848655e-09,1.4808906749311818e-08
nphi_3_no_cut,4.124626382901365e-28,5601892846.67588,4.631288838522998e+19,379,3.0,,4.646747418179389e-11,1.4694305552953774e-10,4.6467474181793886e-10
nphi_3_no_cut,7.017038286703837e-28,6999751049.4014,7.2309850115635225e+19,379,3.0,,3.718786702340621e-11,1.1759836111742983e-10,3.718786702340621e-10
nphi_3_no_cut,1.1937766417144358e-27,10127134845.424482,1.5135802709139997e+20,379,3.0,,2.5703796305200336e-11,8.128254083745354e-11,2.570379630520033e-10
nphi_3_no_cut,2.0309176209047306e-27,11050048439.7749,1.802024272009322e+20,379,3.0,,2.3556983721909372e-11,7.449372336474416e-11,2.355698372190937e-10
nphi_3_no_cut,3.455107294592232e-27,-4336727160.012378,2.7755974028853264e+19,379,3.0,,6.002356192067762e-11,1.8981116894549225e-10,6.002356192067762e-10
nphi_3_no_cut,5.878016072274924e-27,13935403275.476799,2.8659681200074182e+20,379,3.0,,1.867946022632639e-11,5.906963977771572e-11,1.867946022632639e-10
nphi_3_no_cut,1e-26,-2632126036.501822,1.0224583711921857e+19,379,3.0,,9.889564846523913e-11,3.1273549982949094e-10,9.889564846523912e-10
nphi_3_Lcut_800,1e-35,-195.4023529707972,70962.10151912028,389,3.0,800.0,0.001187098526052999,0.0037539351493562096,0.01187098526052999
nphi_3_Lcut_800,1.7012542798525996e-35,-565.5464092138668,594433.6538177498,389,3.0,800.0,0.00041015527889454363,0.0012970248756483463,0.0041015527889454355
nphi_3_Lcut_800,2.89426612471674e-35,-1636.841689175934,4979437.0427481085,389,3.0,800.0,0.00014171306042168446,0.0004481360451255845,0.0014171306042168447
nphi_3_Lcut_800,4.923882631706751e-35,-4737.453435648046,41711595.19293407,389,3.0,800.0,4.8963403725189475e-05,0.0001548358777659719,0.0004896340372518948
nphi_3_Lcut_800,8.376776400682855e-35,-13711.444315491368,349408365.7573155,389,3.0,800.0,1.6917389580676615e-05,5.349748313933896e-05,0.00016917389580676612
nphi_3_Lcut_800,1.4251026703029962e-34,-39684.51261272217,2926907463.871267,389,3.0,800.0,5.845147890881701e-06,1.8483980595715524e-05,5.845147890881701e-05
nphi_3_Lcut_800,2.4244620170823406e-34,-114857.09003181722,24517857039.266567,389,3.0,800.0,2.0195692328150065e-06,6.386438668094288e-06,2.0195692328150066e-05
nphi_3_Lcut_800,4.124626382901331e-34,-332423.1709979325,205375893692.1058,389,3.0,800.0,6.977908444305284e-07,2.2066083988126887e-06,6.977908444305284e-06
nphi_3_Lcut_800,7.017038286703837e-34,-962089.1741456378,1720273685073.3245,389,3.0,800.0,2.411022298477788e-07,7.624321952644128e-07,2.4110222984777876e-06
nphi_3_Lcut_800,1.1937766417144455e-33,-2784274.4947711197,14407578302109.621,389,3.0,800.0,8.331141402708198e-08,2.634538234148799e-07,8.331141402708197e-07
nphi_3_Lcut_800,2.0309176209047304e-33,-8056189.936164844,120621933023845.64,389,3.0,800.0,2.879299607344497e-08,9.105144825237088e-08,2.879299607344497e-07
nphi_3_Lcut_800,3.4551072945922324e-33,-23297989.099123534,1008796962420111.0,389,3.0,800.0,9.956303276304975e-09,3.1484595428520467e-08,9.956303276304975e-08
nphi_3_Lcut_800,5.878016072274876e-33,-67273536.76029076,8411150641733883.0,389,3.0,800.0,3.4480399926861034e-09,1.0903659840238406e-08,3.448039992686103e-08
nphi_3_Lcut_800,1e-32,-193396254.40762478,6.95125159464119e+16,389,3.0,800.0,1.1994122942526645e-09,3.792874703446504e-09,1.1994122942526647e-08
nphi_3_Lcut_800,1.7012542798525856e-32,-548858730.8604189,5.598710926440914e+17,389,3.0,800.0,4.2262577263786263e-10,1.3364600394241135e-09,4.226257726378626e-09
nphi_3_Lcut_800,2.89426612471674e-32,-1499842672.2617881,4.180789499932196e+18,389,3.0,800.0,1.5465745140396549e-10,4.890698035533368e-10,1.5465745140396548e-09
nphi_3_Lcut_800,4.9238826317067517e-32,-3654765863.9638386,2.482481439760404e+19,389,3.0,800.0,6.346831885622984e-11,2.007044468474991e-10,6.346831885622983e-10
nphi_3_Lcut_800,8.376776400682924e-32,-6040875794.899543,6.782139262143417e+19,389,3.0,800.0,3.839871122574184e-11,1.2142738668842018e-10,3.839871122574184e-10
nphi_3_Lcut_800,1.4251026703029963e-31,456820772.20893806,3.8784533989685126e+17,389,3.0,800.0,5.077742942320229e-10,1.6057233070576917e-09,5.077742942320229e-09
nphi_3_Lcut_800,2.4244620170823406e-31,-324525738.507442,1.9573351000984394e+17,389,3.0,800.0,7.147717967325476e-10,2.260306884925749e-09,7.147717967325476e-09
nphi_3_Lcut_800,4.124626382901364e-31,4211369702.025738,3.2962005469564006e+19,389,3.0,800.0,5.507990549662353e-11,1.7417795467615812e-10,5.507990549662352e-10
nphi_3_Lcut_800,7.0170382867038365e-31,-4840490436.70322,4.3545734794404585e+19,389,3.0,800.0,4.792114522942983e-11,1.5153996700871043e-10,4.792114522942982e-10
nphi_3_Lcut_800,1.1937766417144357e-30,4675447428.029609,4.062685896614691e+19,389,3.0,800.0,4.9612758729420213e-11,1.5688931858936928e-10,4.961275872942021e-10
nphi_3_Lcut_800,2.0309176209047306e-30,-4015721579.3411074,2.9970506267221094e+19,389,3.0,800.0,5.776342821978737e-11,1.8266399863417333e-10,5.776342821978737e-10
nphi_3_Lcut_800,3.4551072945922325e-30,-3750917803.223794,2.6148211244322124e+19,389,3.0,800.0,6.184135653400814e-11,1.9555954024200178e-10,6.184135653400815e-10
nphi_3_Lcut_800,5.878016072274924e-30,5947875631.44551,6.574922655275854e+19,389,3.0,800.0,3.8999108181175544e-11,1.233260085678213e-10,3.8999108181175546e-10
nphi_3_Lcut_800,1e-29,5847092972.245209,6.353995300399933e+19,389,3.0,800.0,3.9671311248168993e-11,1.2545170130967136e-10,3.967131124816899e-10
nphi_3_Lcut_800,1.7012542798525858e-29,3012473655.0639086,1.686605085743108e+19,389,3.0,800.0,7.700045602357317e-11,2.4349682190612314e-10,7.700045602357318e-10
nphi_3_Lcut_800,2.89426612471674e-29,-1429564348.450455,3.798169204070515e+18,389,3.0,800.0,1.6226051345667036e-10,5.131127968314794e-10,1.6226051345667035e-09
nphi_3_Lcut_800,4.923882631706752e-29,-1683875599.3636212,5.269712206795701e+18,389,3.0,800.0,1.3775473989087165e-10,4.356187365392093e-10,1.3775473989087164e-09
nphi_3_Lcut_800,8.376776400682924e-29,-6996192547.614638,9.096836675442829e+19,389,3.0,800.0,3.315544042280668e-11,1.048467085620852e-10,3.315544042280668e-10
nphi_3_Lcut_800,1.4251026703029963e-28,-905708374.6202744,1.5245569682703409e+18,389,3.0,800.0,2.561109643003722e-10,8.098939809312483e-10,2.561109643003722e-09
nphi_3_Lcut_800,2.4244620170823407e-28,-175776521.27101412,5.7423362677178584e+16,389,3.0,800.0,1.3196406637339237e-09,4.173070190375559e-09,1.3196406637339237e-08
nphi_3_Lcut_800,4.124626382901365e-28,5601892846.67588,5.832254745075898e+19,389,3.0,800.0,4.1407761902580053e-11,1.3094284042210019e-10,4.140776190258005e-10
nphi_3_Lcut_800,7.017038286703837e-28,6999751049.4014,9.106092950728974e+19,389,3.0,800.0,3.3138585009928034e-11,1.0479340706648614e-10,3.3138585009928034e-10
nphi_3_Lcut_800,1.1937766417144358e-27,10127134845.424482,1.90607539820529e+20,389,3.0,800.0,2.2904982380453183e-11,7.243191408825745e-11,2.2904982380453182e-10
nphi_3_Lcut_800,2.0309176209047306e-27,11050048439.7749,2.2693174573236283e+20,389,3.0,800.0,2.0991930167832506e-11,6.63823118135514e-11,2.0991930167832505e-10
nphi_3_Lcut_800,3.455107294592232e-27,-4336727160.012378,3.4953533860265402e+19,389,3.0,800.0,5.3487765460038575e-11,1.6914316580660582e-10,5.348776546003858e-10
nphi_3_Lcut_800,5.878016072274924e-27,13935403275.476799,3.6091586489086804e+20,389,3.0,800.0,1.6645506456718217e-11,5.263771321026853e-11,1.6645506456718217e-10
nphi_3_Lcut_800,1e-26,-2632126036.501822,1.2875978793259598e+19,389,3.0,800.0,8.812718007501108e-11,2.786826128048434e-10,8.812718007501107e-10
